t,y
0.0,0.06709854653028935
1.0,-0.12323343244478781
2.0,0.27220950059642746
3.0,0.8788488354614282
4.0,0.9749619233006965
5.0,0.27804403247130666
6.0,1.0711702979985191
7.0,0.8848388307154479
8.0,1.0462069138173993
9.0,1.3392382530255527
10.0,1.3535580194749424
11.0,1.8682323561558962
12.0,1.6888625296779616
13.0,1.4965609663178894
14.0,1.6031842314865226
15.0,1.5347674377851428
16.0,1.8829364219896032
17.0,1.205010955696429
18.0,1.2807492362977317
19.0,0.7338461193248145
20.0,-0.03149443397537577
21.0,0.9613913213715491
22.0,0.8599186407108874
23.0,0.07733633171875237
24.0,0.997886955983393
25.0,-0.5946656040105441
26.0,-0.23406979680576387
27.0,-0.5207089870093959
28.0,-0.05294157200944227
29.0,-0.25262206726360315
30.0,-0.9235149167002275
31.0,-0.982349984324336
32.0,-1.6046107493176214
33.0,-2.14106090791097
34.0,-1.5719527232616466
35.0,-1.419302096105459
36.0,-1.0059379690424073
37.0,-1.0040945711757887
38.0,-1.6082062393833734
39.0,-1.5037914350240318
40.0,-1.71180391665656
41.0,-1.7399035536437486
42.0,-1.7077707051042572
43.0,-0.006091246652264126
44.0,-0.8349778964685518
45.0,-0.587948775914665
46.0,-0.7007214909777673
47.0,0.4038757917864142
48.0,-0.36367370484256545
49.0,0.4884208139176962
50.0,0.4482565551081017
51.0,1.2486388812715365
52.0,1.0996778498025293
53.0,1.0336604517653933
54.0,1.7425076957223522
55.0,2.1293132403154296
56.0,2.13430287511004
57.0,2.373862551373831
58.0,2.06748441939262
59.0,2.260976967565017
60.0,2.164401635850463
61.0,2.3091393855736317
62.0,2.0790266031525944
63.0,1.6089626072308598
64.0,2.3601080961064724
65.0,1.9721907192159271
66.0,1.2623404106427434
67.0,2.010363269873598
68.0,1.1821304704812232
69.0,1.3757859545370834
70.0,1.4247677649317543
71.0,0.8853044495266558
72.0,1.0592453546135012
73.0,-0.2952619456916781
74.0,0.15307091554329774
75.0,-0.6214114917108766
76.0,-0.9829055044277294
77.0,-1.1174700707603344
78.0,-1.2471207835830125
79.0,-1.3117491620317439
80.0,-2.066762711210627
81.0,-1.3187286660080986
82.0,-1.6643374956796948
83.0,-2.6795324506365823
84.0,-1.410498127399377
85.0,-1.2794740304029473
86.0,-1.6155676659976645
87.0,-2.2012278710051265
88.0,-2.542262570161078
89.0,-1.510520883491904
90.0,-2.037184607195363
91.0,-1.1701128586015248
92.0,-1.443257867681705
93.0,-0.9078494915640569
94.0,-0.9636174149992932
95.0,-0.5785431324493968
96.0,-0.6393907386253548
97.0,0.38150042389917493
98.0,-0.08774648467624657
99.0,0.27933381124189205
100.0,1.1564908326023833
101.0,-0.0014071040813882219
102.0,0.24629532426357592
103.0,1.3922931861869472
104.0,0.6517211380150592
105.0,2.1073538400352874
106.0,1.2247330573460502
107.0,1.1631890589339955
108.0,2.316880634522021
109.0,2.1366414410161196
110.0,2.2629794435354373
111.0,1.7990793500721083
112.0,0.9752863089378829
113.0,1.9624794109441304
114.0,0.9111940609973799
115.0,1.139909364018536
116.0,-0.24068996059334147
117.0,-0.9316918647862383
118.0,-0.902280586096747
119.0,-1.073380233775049
120.0,-1.589753289855432
121.0,-2.4696517865374985
122.0,-2.2442690866776593
123.0,-2.1649191435664106
124.0,-3.2361410674909608
125.0,-3.323036052971118
126.0,-3.7063337509504937
127.0,-3.118548393208709
128.0,-3.788998631716034
129.0,-4.093628034504401
130.0,-4.695817564947495
131.0,-4.367776473753848
132.0,-4.908471375026071
133.0,-4.729308793928741
134.0,-4.996900601646081
135.0,-4.537154732112814
136.0,-4.532858098551577
137.0,-4.724789435526077
138.0,-4.4085735898147025
139.0,-4.763015238732235
140.0,-4.716898295965036
141.0,-3.8771162726436077
142.0,-3.741782935581977
143.0,-3.3464502219553953
144.0,-2.5304458717070704
145.0,-2.720130135950563
146.0,-3.0249801122279347
147.0,-2.113356093010055
148.0,-2.5838499600319835
149.0,-2.0496313377148834
150.0,-1.670526539203936
151.0,-0.8974065581963553
152.0,-1.4002565461159966
153.0,-1.220177209113581
154.0,-0.8330164729673046
155.0,-0.8468781047285008
156.0,-0.2259525512927778
157.0,-0.7602456094039574
158.0,-0.7263586544005383
159.0,-0.5149908574082834
160.0,-0.5491281919917905
161.0,0.04468336978397369
162.0,-0.3038486570697251
163.0,-0.6463064719882832
164.0,-1.1276981559131656
165.0,-0.768855958499242
166.0,-1.4261395181515506
167.0,-1.7695453120779014
168.0,-1.3228395936043873
169.0,-1.775022837476285
170.0,-1.8767187365790157
171.0,-2.269422121222603
172.0,-2.3911207234773304
173.0,-2.981587807863778
174.0,-3.2975394325981062
175.0,-3.1251085389999598
176.0,-3.6557496454230027
177.0,-3.8060554327652745
178.0,-3.9065890277993645
179.0,-3.930106284307719
180.0,-4.105689143591387
181.0,-4.384314731451005
182.0,-4.263180045073439
183.0,-4.585017096190293
184.0,-3.9715995417796894
185.0,-4.35212522215976
186.0,-4.15260507210399
187.0,-3.7962262446215855
188.0,-3.791885890878288
189.0,-3.1714197522308547
190.0,-3.5018117489796223
191.0,-2.979943956523073
192.0,-2.7912004930521856
193.0,-2.7374583746955694
194.0,-2.160243807708653
195.0,-2.0096206089704403
196.0,-1.564674388134569
197.0,-1.281063285466495
198.0,-0.7801491147571878
199.0,-0.6652441817193637
200.0,-0.7103647339469311
201.0,-0.45742482788644057
202.0,-0.022614845114530713
203.0,0.09044785121360022
204.0,0.2504383663874279
205.0,0.01831426822058413
206.0,0.38609843512182973
207.0,0.3503645554582564
208.0,0.5622992317761732
209.0,0.5208871052597421
210.0,0.6686742559903334
211.0,0.535230301444475
212.0,0.5404496971264321
213.0,0.25261176813991093
214.0,0.06213503768234507
215.0,0.0060465516140242315
216.0,-0.09103498078654271
217.0,-0.20380035325806878
218.0,-0.10447102350052129
219.0,-0.6480736360073225
220.0,-0.9862427124677593
221.0,-1.096730224782291
222.0,-1.315638871587921
223.0,-1.3703036017752281
224.0,-1.8624144593036922
225.0,-1.7993242702954548
226.0,-1.9489234766838655
227.0,-2.0845316037549395
228.0,-2.3372170857064836
229.0,-2.3903904280415635
230.0,-2.65394668428109
231.0,-2.574556435355661
232.0,-2.618463673295107
233.0,-2.4840134183819087
234.0,-2.7098559578929056
235.0,-2.3749912308812786
236.0,-2.202103226346092
237.0,-2.667166877712593
238.0,-2.174093421565117
239.0,-2.008583610202644
240.0,-2.0715338177577975
241.0,-1.8760294441970464
242.0,-1.6638870236786432
243.0,-1.5105511687324782
244.0,-1.3261093768371939
245.0,-1.358975629968092
246.0,-0.7055545913534746
247.0,-0.5273247986955888
248.0,-0.6585448737258864
249.0,-0.5943297908969845
250.0,-0.09368024546819953
251.0,-0.1294353504688186
252.0,0.13042673067942623
253.0,0.168997069008064
254.0,0.44726306700032326
255.0,0.5287993895331407
256.0,0.331976359603833
257.0,0.24671002538702091
258.0,0.22079846162644112
259.0,0.6176325309157495
260.0,0.24857738814896968
261.0,0.32340255641825033
262.0,0.23176019403788617
263.0,0.24387120744967872
264.0,-0.23836622213258096
265.0,0.054928520588739316
266.0,-0.01742423176806618
267.0,-0.2575145221067692
268.0,-0.5017687040142671
269.0,-0.5860768671376012
270.0,-0.6955471144795723
271.0,-1.5502137115608372
272.0,-0.706669842251125
273.0,-1.2178290276526282
274.0,-1.6156926384030437
275.0,-1.7182757742313166
276.0,-1.6678942242360377
277.0,-1.9455828634204955
278.0,-2.517813155990073
279.0,-1.6670325704173952
280.0,-2.2754528459008236
281.0,-2.0798447448362696
282.0,-2.555919086112863
283.0,-2.047802540581504
284.0,-2.380286368913145
285.0,-2.3032704923544443
286.0,-2.71397669850881
287.0,-2.1023006477954143
288.0,-2.1906296994392576
289.0,-1.966068526777859
290.0,-2.407551208494791
291.0,-2.2842182183543986
292.0,-1.4243379586401046
293.0,-2.248661918016446
294.0,-1.881595112507926
295.0,-1.405069150072622
296.0,-1.5826507313968652
297.0,-1.3232887169424168
298.0,-1.4934637251515248
299.0,-1.1531916500854602
300.0,-1.5472235610197569
301.0,-0.5518950010271266
302.0,-0.9986800393627009
303.0,-1.0910143003335913
304.0,-0.6017366750950381
305.0,-0.8973938020378823
306.0,-1.1326061587042675
307.0,-1.110071329936866
308.0,-0.4348084993384581
309.0,-0.7110603447445818
310.0,-0.7160355830901515
311.0,-0.3389781438635111
312.0,-1.120720230440443
313.0,-1.0440423680586375
314.0,-0.9947031081286611
315.0,-0.9085014251402943
316.0,-1.044800174930916
317.0,-1.2289657220640882
318.0,-1.255129675824735
319.0,-1.3829868269348864
320.0,-1.720042196714557
321.0,-1.8745136790639358
322.0,-1.5975324654881309
323.0,-2.146293846379165
324.0,-2.3646250730758682
325.0,-2.163756564876322
326.0,-2.2137316947404155
327.0,-1.3965656923632972
328.0,-2.6175996446976626
329.0,-2.0674606813610676
330.0,-2.2143836474900627
331.0,-3.031015084574696
332.0,-2.31272431695335
333.0,-3.122963913084833
334.0,-3.738116605727009
335.0,-2.4492055841761933
336.0,-3.398363871308157
337.0,-2.495343085780079
338.0,-2.9307890583369085
339.0,-1.9355001429890506
340.0,-2.1266329392763117
341.0,-2.695014364110687
342.0,-2.7253220443001682
343.0,-2.870196283030628
344.0,-2.465010307856677
345.0,-2.309273269454321
346.0,-2.252198227935528
347.0,-1.9350221318816727
348.0,-1.6569519916864783
349.0,-1.6560226464131196
350.0,-2.0375284914933256
351.0,-2.2351871916849873
352.0,-0.9338576001603771
353.0,-1.7389691303941786
354.0,-1.6449223425089763
355.0,-1.5170327838841273
356.0,-2.033879418234026
357.0,-1.3820935738069453
358.0,-1.3390792916397447
359.0,-0.8197581845021806
360.0,-0.7612240973585234
361.0,-1.0562653637357675
362.0,-0.6422263900839249
363.0,-0.9143326984625725
364.0,-1.09259441315178
365.0,-1.04376650378918
366.0,-1.240622140918212
367.0,-1.3807984507125124
368.0,-1.3807246386056418
369.0,-1.8308659376843128
370.0,-1.2687058088656455
371.0,-1.9161782185204315
372.0,-1.1702836865661275
373.0,-1.7425742021278956
374.0,-1.6909878024550924
375.0,-1.5739643125015705
376.0,-1.5883711496736248
377.0,-2.6634950982743417
378.0,-2.1252189262934715
379.0,-1.7067746861274835
380.0,-2.929190076461284
381.0,-2.049435582892212
382.0,-3.283254679188058
383.0,-2.7694488191664703
384.0,-2.3240110115602874
385.0,-3.100848518778361
386.0,-2.808985745035872
387.0,-3.022341170271966
388.0,-1.620671922439573
389.0,-2.255387991687247
390.0,-2.041037167253188
391.0,-2.343629886028782
392.0,-2.343819525728429
393.0,-2.831602343675879
394.0,-2.17329119310882
395.0,-2.294285162765487
396.0,-1.4967104038577212
397.0,-1.2779641149861303
398.0,-1.0370011709304994
399.0,-1.198924845088985
400.0,-1.7167833227754377
401.0,-1.8292349720153744
402.0,-0.9166633113779727
403.0,-0.986815146203804
404.0,-1.7844373334506325
405.0,-0.7887848414139679
406.0,-0.5054086872218411
407.0,-0.7381908523664431
408.0,-0.7637273035967544
409.0,-0.954178545524681
410.0,-1.1589482494356171
411.0,-0.1906657451775604
412.0,-0.6102091332680696
413.0,-0.5569701677924226
414.0,0.24495631592965195
415.0,-0.18144598197715434
416.0,-0.322915994248969
417.0,-0.4413505452368517
418.0,0.06142463175312862
419.0,0.08599380082191299
420.0,-0.28488843018728294
421.0,-0.49033674251892545
422.0,-1.5944721765570695
423.0,-0.8295483151487264
424.0,-1.0158299694820825
425.0,-1.0258044667848747
426.0,-0.8070935333216926
427.0,-2.2687773789755292
428.0,-1.5631864367980717
429.0,-1.35215648330301
430.0,-1.7112474199566816
431.0,-2.137324157744605
432.0,-1.4017228703422528
433.0,-1.685252785108271
434.0,-2.184985876152033
435.0,-1.7890287290523794
436.0,-1.6565825190116288
437.0,-1.9648814879214618
438.0,-1.7113235746139204
439.0,-1.9560080519347722
440.0,-2.099675343242387
441.0,-2.3214917066895833
442.0,-1.927079831436243
443.0,-1.7807677487955489
444.0,-1.494876666686758
445.0,-1.728566341312395
446.0,-1.4557047491596915
447.0,-1.7930261698941283
448.0,-1.6209152285894586
449.0,-1.2935798754672798
450.0,-1.4492939880922957
451.0,-0.7578340503901455
452.0,-0.7312177701217123
453.0,-0.651479272344454
454.0,-0.5018798697676918
455.0,0.10523521736192576
456.0,-0.47667498408841424
457.0,-0.8397459309037988
458.0,-0.06461128299276764
459.0,-0.03593744091336726
460.0,-0.07658634756598492
461.0,-0.12688528234877938
462.0,0.07327515891056913
463.0,0.2747649008081725
464.0,0.12041296801889656
465.0,0.8652757128099196
466.0,-0.0017515791061244457
467.0,0.009846191912300517
468.0,-0.4048073382322307
469.0,0.1475474678169637
470.0,-0.4809428962728728
471.0,-0.22831057406831867
472.0,-0.28203945873591607
473.0,-0.5115830418165261
474.0,-0.09404450586979318
475.0,-0.4183134787487848
476.0,-0.5087210929833555
477.0,-1.161398649545029
478.0,-0.8917785680300403
479.0,-1.2004844723560348
480.0,-1.3122263776210468
481.0,-1.425216775927151
482.0,-1.987552434276115
483.0,-2.036754521580121
484.0,-1.915539432612497
485.0,-2.7468831465848917
486.0,-2.0304179398644298
487.0,-2.3170299360998143
488.0,-2.5117635593799457
489.0,-2.5198670711365194
490.0,-2.795032223557204
491.0,-2.6844248093353986
492.0,-2.4136263143824808
493.0,-2.3561487119678888
494.0,-2.0620605120823856
495.0,-2.4978640202477442
496.0,-2.5180231849696963
497.0,-2.3908490301817453
498.0,-2.3604876977629603
499.0,-2.0663549325591637
500.0,-1.8447748267865822
501.0,-1.7627810450434132
502.0,-1.4137418756765123
503.0,-1.471038201195189
504.0,-1.3228688110149585
505.0,-1.1951308797458537
506.0,-1.2029786269754132
507.0,-1.0359575826358314
508.0,-0.8271452010453719
509.0,-0.3002504652842858
510.0,-0.24737248776962317
511.0,-0.07218964990609655
512.0,-0.4126157737295638
513.0,-0.4491830353213996
514.0,-0.20794686546083874
515.0,-0.06479103841848577
516.0,-0.025568753575747838
517.0,0.022743584009702333
518.0,-0.15358509479098803
519.0,-0.01801270380820119
520.0,-0.4238895211575405
521.0,-0.659558537068226
522.0,-0.9280898576153642
523.0,-0.9818358288451495
524.0,-1.0025275109948966
525.0,-1.3777008434798654
526.0,-1.321725004007423
527.0,-1.477487468771689
528.0,-2.279158372041386
529.0,-3.6818863983291297
530.0,-4.385783117219088
531.0,-4.219543838818909
532.0,-4.319579739014646
533.0,-4.709926855262643
534.0,-5.115924098443346
535.0,-5.194320955015016
536.0,-5.3093146383988055
537.0,-5.43955394343916
538.0,-5.5608926156640655
539.0,-5.63826788763122
540.0,-5.651501060374919
541.0,-5.911637539521793
542.0,-5.764529758878815
543.0,-5.458185838029177
544.0,-5.710609123347581
545.0,-5.638426707612399
546.0,-5.279003319545751
547.0,-5.743970721407779
548.0,-4.962503289259372
549.0,-5.0844476927640825
550.0,-4.749076128496511
551.0,-4.543428670124164
552.0,-4.166871777390582
553.0,-4.138160922763991
554.0,-3.9667275547118517
555.0,-3.36872330706228
556.0,-3.7831575053635014
557.0,-3.114318039524002
558.0,-3.137858507972031
559.0,-2.8156962849310188
560.0,-2.0955455019968903
561.0,-2.3040005396467107
562.0,-2.1012623852523316
563.0,-2.3548629412834323
564.0,-2.046938107565528
565.0,-1.7884729498865244
566.0,-1.7108199269102087
567.0,-1.6420391168087562
568.0,-1.78311172548297
569.0,-1.7222316438295047
570.0,-1.8141609369939706
571.0,-2.4091619635499426
572.0,-2.142544421201902
573.0,-2.1405269573963244
574.0,-2.358943169608849
575.0,-2.772117374937145
576.0,-3.0898411531626624
577.0,-3.392581885797866
578.0,-3.4022676914950134
579.0,-3.3454441238711583
580.0,-4.321057037887371
581.0,-4.251907804039445
582.0,-4.6009580022737335
583.0,-4.345066602969302
584.0,-4.880017365891546
585.0,-5.047162650905641
586.0,-5.142287080642981
587.0,-5.103667211721401
588.0,-5.426343071253768
589.0,-6.205729776894158
590.0,-5.290412881668761
591.0,-5.323369207433068
592.0,-5.474731910812256
593.0,-5.652621506135827
594.0,-5.154624481554048
595.0,-5.014621541926278
596.0,-5.0944566002937455
597.0,-4.829218843327562
598.0,-4.818814069320873
599.0,-4.353399261841874
600.0,-4.499025154360832
601.0,-3.6233285902191925
602.0,-3.7414247270218626
603.0,-3.0714788546980047
604.0,-3.2725622450004965
605.0,-2.706849361574397
606.0,-2.247240356807784
607.0,-2.4464874682991775
608.0,-1.5871030070908143
609.0,-1.4784824081554795
610.0,-1.6814803265959437
611.0,-1.3147674582937499
612.0,-0.4773198182407228
613.0,-0.20922043201361618
614.0,-0.4244748568259835
615.0,-0.13851597393365234
616.0,-0.13560430871174356
617.0,-0.06899516379737713
618.0,0.2640719188382388
619.0,-0.7758445180553921
620.0,-0.07007252978891731
621.0,-0.5645074563019588
622.0,-0.6498966574458156
623.0,-0.8497707574213917
624.0,-1.0733402768902263
625.0,-1.6107628820776343
626.0,-1.3167459068567786
627.0,-0.9991304945339039
628.0,-1.9142473679797054
629.0,-2.1561358213678083
630.0,-2.685498550360482
631.0,-2.7234138340202763
632.0,-2.7442594424058315
633.0,-3.3109363282987583
634.0,-3.564800037634373
635.0,-3.4214330923231113
636.0,-4.126801855887625
637.0,-3.801645243255086
638.0,-3.6865717175988744
639.0,-3.548450587639142
640.0,-4.1932259377536925
641.0,-3.6067452903978086
642.0,-3.723717086772775
643.0,-4.516058179890008
644.0,-4.523483230745509
645.0,-4.020949258728754
646.0,-3.30619032587368
647.0,-3.5931984429901407
648.0,-3.614251364560736
649.0,-2.466612791128881
650.0,-2.763243289922481
651.0,-3.6286309690846874
652.0,-2.2209095922921356
653.0,-1.8575369274508429
654.0,-1.7092636109015755
655.0,-1.3386855047324873
656.0,-1.3003927132267035
657.0,-1.5983969552070847
658.0,-0.9470420981263759
659.0,-0.9865888828383653
660.0,-0.7912008476661887
661.0,-0.7752997022632289
662.0,0.11934008420004627
663.0,0.06268361560345825
664.0,-0.11403348646055989
665.0,-0.17272511476302377
666.0,0.10244565313090348
667.0,0.5559232788394088
668.0,-0.9018948254148429
669.0,0.055858517383641004
670.0,-0.5011087189128736
671.0,-8.129084093504677
672.0,-8.357922311909789
673.0,-8.119156543566318
674.0,-7.856525583377538
675.0,-8.042557087562196
676.0,-8.91936899018837
677.0,-8.32576775128479
678.0,-8.43442513981373
679.0,-9.187543831542353
680.0,-9.918204320971839
681.0,-9.426322110009727
682.0,-9.85797674896527
683.0,-10.057260499279845
684.0,-10.968281248753044
685.0,-12.146230673938637
686.0,-10.114831904804845
687.0,-11.926616161931229
688.0,-11.344921386580339
689.0,-10.360671370724509
690.0,-11.325379326025843
691.0,-11.074350223103329
692.0,-12.144627262881976
693.0,-12.221038044682432
694.0,-11.599807269072256
695.0,-10.787409779293217
696.0,-11.28630625418112
697.0,-11.328240935788148
698.0,-10.724462081944898
699.0,-10.153330616997314
700.0,-11.037849210521962
701.0,-10.72215635578864
702.0,-10.321671489012978
703.0,-9.300128692491889
704.0,-9.448667720588181
705.0,-8.43905994770282
706.0,-8.744543819965616
707.0,-8.966077493133616
708.0,-8.25725955170166
709.0,-8.547663305374414
710.0,-8.8005406895716
711.0,-8.13297771948138
712.0,-8.62296192078079
713.0,-8.413749583419667
714.0,-7.747616864809392
715.0,-8.338715385737034
716.0,-8.663241251834958
717.0,-8.601536533164655
718.0,-8.118013821956792
719.0,-8.863549800338879
720.0,-8.949701996431054
721.0,-9.169613184141355
722.0,-9.094340091117651
723.0,-9.518876052160971
724.0,-10.196881196342241
725.0,-10.152779388666765
726.0,-10.400497170891072
727.0,-9.828238042922663
728.0,-10.221509827847063
729.0,-10.531541602803893
730.0,-11.143685459515321
731.0,-11.456387942292382
732.0,-11.531358012005645
733.0,-11.889539236602426
734.0,-10.793102516920605
735.0,-12.566065987061158
736.0,-11.69245435880974
737.0,-12.394511681995485
738.0,-12.03642765590202
739.0,-12.347692794271063
740.0,-12.396090640915943
741.0,-12.341755283592832
742.0,-11.332750738999719
743.0,-11.85677797374485
744.0,-11.945992969308005
745.0,-11.393590655863859
746.0,-11.414641066748944
747.0,-11.028313967687033
748.0,-11.630400763395347
749.0,-10.790619404833064
750.0,-10.455479232384379
751.0,-10.982096204230977
752.0,-10.15892999389679
753.0,-9.60283878882283
754.0,-9.911652250812534
755.0,-9.494975653915395
756.0,-9.373311752943424
757.0,-9.606701217069753
758.0,-9.264022031984952
759.0,-9.584831783956096
760.0,-9.184266406581118
761.0,-8.918037198563635
762.0,-8.746681362358517
763.0,-8.900930187997854
764.0,-8.71590731071077
765.0,-9.196091459637238
766.0,-8.979004733872108
767.0,-9.006292143281788
768.0,-8.634799292654614
769.0,-9.232974727552737
770.0,-9.409175604473452
771.0,-9.40645878337577
772.0,-9.757900500850235
773.0,-9.63877845755492
774.0,-9.91115892313082
775.0,-10.378198095168408
776.0,-10.134852991641052
777.0,-10.335084990462082
778.0,-10.757285584753859
779.0,-10.546883371347533
780.0,-10.335803486954593
781.0,-10.648253195079404
782.0,-10.72226271971138
783.0,-11.198253109641088
784.0,-10.885458797177524
785.0,-10.991342139307461
786.0,-10.936578176640488
787.0,-10.958981903579957
788.0,-11.28451387423217
789.0,-10.991856417122111
790.0,-11.069894134431062
791.0,-10.861736751982766
792.0,-10.926838096245122
793.0,-10.415852117199453
794.0,-10.691080206712698
795.0,-10.565970165123836
796.0,-10.252263509868982
797.0,-10.30700203235729
798.0,-10.040249574439045
799.0,-9.954860229676457
800.0,-9.417928242323422
801.0,-9.373310538443562
802.0,-9.367601219453723
803.0,-9.281626603023094
804.0,-8.929670674798826
805.0,-8.89605296246524
806.0,-8.771463840947769
807.0,-8.75963010994006
808.0,-8.942635791298244
809.0,-8.62502384803802
810.0,-8.64095660909277
811.0,-8.422890115046366
812.0,-8.349769279238306
813.0,-8.608877604131415
814.0,-8.451075007108464
815.0,-8.288691745934253
816.0,-8.702811192113332
817.0,-8.404568949758046
818.0,-8.861205555311809
819.0,-8.810553803312237
820.0,-8.906640658872409
821.0,-9.001234076044057
822.0,-9.232069583757289
823.0,-9.301404859192568
824.0,-9.420637171659408
825.0,-9.378611579174473
826.0,-9.482834865239356
827.0,-9.298534475235284
828.0,-9.520983054144795
829.0,-9.890454433918835
830.0,-9.842294379472868
831.0,-9.8077637523068
832.0,-10.009645462237172
833.0,-10.068330207991151
834.0,-10.0803359560873
835.0,-9.97233013896257
836.0,-10.239306881240609
837.0,-10.148913746881957
838.0,-10.00184361587771
839.0,-9.989891000656137
840.0,-9.952289746127299
841.0,-9.988586864512495
842.0,-9.704757804450928
843.0,-9.437907667581943
844.0,-9.627687490581536
845.0,-9.631578931503729
846.0,-9.3779240435996
847.0,-9.490269530914022
848.0,-9.423685030422122
849.0,-9.190624750383575
850.0,-9.535110435647901
851.0,-9.197078091083126
852.0,-8.967519883614571
853.0,-9.058929578399876
854.0,-8.927311352990552
855.0,-8.754572461318302
856.0,-8.915174710557988
857.0,-8.645815939153414
858.0,-8.63542434542471
859.0,-8.509323250387778
860.0,-8.286532138365814
861.0,-8.474167758358055
862.0,-8.518725110672682
863.0,-8.531662966193867
864.0,-8.546562765578663
865.0,-8.846231663443515
866.0,-8.728918274471248
867.0,-8.714780340075706
868.0,-9.142101462612525
869.0,-8.765414230386755
870.0,-8.811501656841083
871.0,-9.274414097469739
872.0,-9.292904769684752
873.0,-9.536353149464917
874.0,-9.290847197531532
875.0,-9.786265136372844
876.0,-9.696140388823633
877.0,-9.936783256455804
878.0,-9.814178023314604
879.0,-10.329661320644542
880.0,-9.660366004492765
881.0,-10.27251432230514
882.0,-10.075914681011815
883.0,-10.183421783702613
884.0,-10.350303097386304
885.0,-10.400865181883287
886.0,-9.939546753208699
887.0,-10.30834679632059
888.0,-10.080641939410437
889.0,-10.333344282566696
890.0,-10.251850059121095
891.0,-9.89685380085406
892.0,-9.707578051996984
893.0,-9.942251509111292
894.0,-10.21655401610082
895.0,-9.166358173276288
896.0,-9.894290081194253
897.0,-10.00716795759119
898.0,-8.707370605124044
899.0,-9.500192385867733
900.0,-9.731888815808897
901.0,-9.417514530028654
902.0,-9.020113984013074
903.0,-9.00299559926423
904.0,-9.26549570483058
905.0,-8.37074989584435
906.0,-9.069845838188389
907.0,-9.25386001730602
908.0,-8.541463745815248
909.0,-8.411702581117654
910.0,-9.125843215581337
911.0,-9.344251973878933
912.0,-8.56241332831723
913.0,-9.654038200015728
914.0,-9.438367267795606
915.0,-8.754067552064978
916.0,-9.191552360968316
917.0,-9.358334515299969
918.0,-9.241994437659697
919.0,-9.531442747658527
920.0,-10.060891110788363
921.0,-9.247323604042604
922.0,-9.347904577836841
923.0,-9.880797168682207
924.0,-10.061672175764226
925.0,-9.320010185104673
926.0,-10.41595161181283
927.0,-10.517967559608314
928.0,-10.37915894397755
929.0,-10.041200209102112
930.0,-10.068913833498714
931.0,-10.854374086654927
932.0,-10.684757762540046
933.0,-11.38936796453898
934.0,-10.991429633661403
935.0,-11.211206072714525
936.0,-11.271970631753183
937.0,-10.161625472785074
938.0,-11.12579633842334
939.0,-10.966556606614539
940.0,-10.530069381186827
941.0,-10.062487047726341
942.0,-10.3060367246737
943.0,-9.250198425856434
944.0,-10.32135554202104
945.0,-10.061720190109375
946.0,-9.929761679924205
947.0,-9.309218889400809
948.0,-9.57432271603529
949.0,-9.713427397162352
950.0,-9.947216526212769
951.0,-9.3160976523763
952.0,-8.704017605102258
953.0,-9.387495942834807
954.0,-8.888512880525203
955.0,-8.933991982482418
956.0,-8.59996390570211
957.0,-9.284453064731919
958.0,-7.8657238630102215
959.0,-9.450637733068053
960.0,-9.051193942476933
961.0,-8.494729207438734
962.0,-8.818110317891579
963.0,-8.63676282586004
964.0,-9.300443949836732
965.0,-9.200852621909492
966.0,-9.264393009141484
967.0,-8.682030176411757
968.0,-9.201174646695241
969.0,-9.287878125395562
970.0,-10.082297377884288
971.0,-9.496947852092708
972.0,-9.978554704646788
973.0,-9.602028469388443
974.0,-9.464522883753261
975.0,-10.64698448461348
976.0,-10.821774524944871
977.0,-11.147137335410145
978.0,-10.929688857802306
979.0,-11.128643145428951
980.0,-10.87050244492406
981.0,-11.153514171612226
982.0,-11.2876325758408
983.0,-10.664669081928619
984.0,-11.55542219920302
985.0,-10.914697313690132
986.0,-11.239395393987838
987.0,-10.664037275359584
988.0,-10.277848754292119
989.0,-10.914654645330982
990.0,-10.452565166610826
991.0,-10.418973286683796
992.0,-10.684755952696035
993.0,-10.047933641154064
994.0,-9.837268505237498
995.0,-9.58539666184959
996.0,-9.648510593668124
997.0,-9.31463707196267
998.0,-9.646082027401937
999.0,-9.10063648039913
1000.0,-8.510146455952519
1001.0,-8.17896505471058
1002.0,-8.565257696109324
1003.0,-8.178854290339881
1004.0,-7.981935297716734
1005.0,-7.867610546898458
1006.0,-7.620572422733375
1007.0,-8.523878274374093
1008.0,-7.7261664161315196
1009.0,-7.5722172988954775
1010.0,-8.073005153950335
1011.0,-6.991480891768521
1012.0,-7.650918338354175
1013.0,-5.817049262843992
1014.0,-6.855194017233277
1015.0,-7.008143358281867
1016.0,-6.683111518635094
1017.0,-7.581232357261934
1018.0,-6.992153632499038
1019.0,-7.210304300482095
1020.0,-7.03476439023413
1021.0,-7.345401216772224
1022.0,-7.965083972366698
1023.0,-8.411533254125912
1024.0,-7.532312539597127
1025.0,-8.653881654535667
1026.0,-8.913420272512104
1027.0,-9.078953986473742
1028.0,-8.405941152565156
1029.0,-9.123025505037251
1030.0,-9.303542270799845
1031.0,-9.056014780738442
1032.0,-9.22769795089498
1033.0,-9.415644875550257
1034.0,-8.90879847005397
1035.0,-8.771073382651602
1036.0,-8.742037957121255
1037.0,-8.732550630901963
1038.0,-8.744778902563802
1039.0,-9.33635280639157
1040.0,-8.028993626460323
1041.0,-8.300849745665229
1042.0,-8.001916837675726
1043.0,-7.624653979630828
1044.0,-7.298072820947317
1045.0,-7.3851833812697425
1046.0,-7.13766939585323
1047.0,-7.2136892977577185
1048.0,-6.7742746813535435
1049.0,-6.8048506250918
1050.0,-6.532468347157301
1051.0,-6.3649515184867305
1052.0,-5.944760511890672
1053.0,-5.412579003465333
1054.0,-4.646603523107778
1055.0,-5.369677008563043
1056.0,-5.6952393765224505
1057.0,-4.8857099143950276
1058.0,-5.271961897121189
1059.0,-5.351956676163398
1060.0,-5.130860110665338
1061.0,-5.563759599381521
1062.0,-5.25383762035205
1063.0,-5.443918655943297
1064.0,-5.533497758313393
1065.0,-5.62701057330897
1066.0,-5.896813988023466
1067.0,-6.121972582104344
1068.0,-6.288020223788276
1069.0,-6.504738778103851
1070.0,-7.111768912119438
1071.0,-7.471656084204012
1072.0,-7.421895477781254
1073.0,-8.012116032261646
1074.0,-7.933103349044576
1075.0,-8.005873389441858
1076.0,-8.335222871252991
1077.0,-8.938835522076898
1078.0,-9.11565351882387
1079.0,-9.057682309304216
1080.0,-9.388041643575423
1081.0,-9.517687377498007
1082.0,-9.447672897544498
1083.0,-9.862371280787562
1084.0,-9.79966990850292
1085.0,-9.904325810789521
1086.0,-9.944199384171588
1087.0,-9.867453576179729
1088.0,-9.500553759986024
1089.0,-9.522561143609131
1090.0,-9.571598869649039
1091.0,-9.296766120177493
1092.0,-9.380810946931215
1093.0,-9.017370221569111
1094.0,-8.283991015467436
1095.0,-8.463672863599948
1096.0,-8.084582289752234
1097.0,-7.986702912429427
1098.0,-7.675100811203472
1099.0,-7.384831648322822
1100.0,-7.456950925423775
1101.0,-7.055680616237755
1102.0,-6.582947511414173
1103.0,-6.79319119656441
1104.0,-6.590901846177998
1105.0,-6.409125668405892
1106.0,-6.203908364156059
1107.0,-6.081061932911369
1108.0,-5.912416487207478
1109.0,-6.016941312514955
1110.0,-6.1205898184955325
1111.0,-5.96213385953974
1112.0,-6.130983294802677
1113.0,-6.585701078919953
1114.0,-6.110245789037961
1115.0,-6.40217055565856
1116.0,-6.900497374697942
1117.0,-7.043163039730409
1118.0,-7.14712581405535
1119.0,-7.639294467327475
1120.0,-7.782897112961177
1121.0,-8.017139636685787
1122.0,-8.632817037726987
1123.0,-8.869987145889295
1124.0,-8.938769996869297
1125.0,-9.299358635497029
1126.0,-9.511276753491638
1127.0,-9.937157742649568
1128.0,-10.210313724002104
1129.0,-10.696113807530654
1130.0,-10.772101229879048
1131.0,-10.768939983333055
1132.0,-10.798247326278814
1133.0,-10.958116147956668
1134.0,-11.141096705624996
1135.0,-11.211748839534229
1136.0,-11.15069481056231
1137.0,-11.151556849267866
1138.0,-10.890749532897235
1139.0,-10.998860858310673
1140.0,-11.13594461746417
1141.0,-10.956018112726007
1142.0,-10.33695977405096
1143.0,-10.567315006209734
1144.0,-10.034743247794978
1145.0,-9.96345003376246
1146.0,-9.694874466942746
1147.0,-9.426280724735307
1148.0,-8.930876317835482
1149.0,-8.896161723096
1150.0,-8.599971229537049
1151.0,-8.593713203262931
1152.0,-8.041453470112401
1153.0,-7.744262363735358
1154.0,-7.571912577706317
1155.0,-7.161673071225742
1156.0,-7.221750526369956
1157.0,-7.023070707726652
1158.0,-6.647194159649688
1159.0,-7.143155717510828
1160.0,-6.873555270726685
1161.0,-6.480415231749147
1162.0,-6.567962010245302
1163.0,-6.643501387973897
1164.0,-6.669307814685649
1165.0,-6.855320688089303
1166.0,-6.705619388653483
1167.0,-5.750437467576237
1168.0,-5.941085014690633
1169.0,-6.140665462875818
1170.0,-6.33339733037268
1171.0,-6.836328256952476
1172.0,-6.645198019617823
1173.0,-7.071653073387566
1174.0,-6.871200584584409
1175.0,-7.525219299423645
1176.0,-7.639326658749183
1177.0,-7.896612688703667
1178.0,-8.305387723399415
1179.0,-8.115498332470942
1180.0,-8.066040501830766
1181.0,-8.67485623435921
1182.0,-8.870687205286778
1183.0,-8.984715605793461
1184.0,-9.44282364251818
1185.0,-9.056029411333697
1186.0,-8.958888332324703
1187.0,-8.731321985589558
1188.0,-8.704476299899262
1189.0,-8.988927413134537
1190.0,-8.845272002056353
1191.0,-8.330321994107845
1192.0,-8.522866069607508
1193.0,-8.432637995264841
1194.0,-7.69374301091894
1195.0,-7.566499035215712
1196.0,-7.6170172402442775
1197.0,-7.543858915209649
1198.0,-7.702548990978468
1199.0,-6.671795485993501
1200.0,-6.849499483990156
1201.0,-6.911383181421646
1202.0,-5.5723975874011495
1203.0,-5.607705441995938
1204.0,-5.9268472730071995
1205.0,-5.732153070328803
1206.0,-4.867160923995776
1207.0,-5.244078785915406
1208.0,-4.379580929140818
1209.0,-4.4625867270026
1210.0,-4.377189815427567
1211.0,-4.336786744957259
1212.0,-4.352378764893672
1213.0,-4.09015610791579
1214.0,-4.546397343167028
1215.0,-4.388570741661196
1216.0,-4.209723945231244
1217.0,-4.352973561565835
1218.0,-5.077824061254633
1219.0,-4.9556823687786675
1220.0,-4.8271066564876595
1221.0,-5.224929484737324
1222.0,-4.597215566486371
1223.0,-5.575216328227677
1224.0,-5.679711005383758
1225.0,-5.524426348210975
1226.0,-5.882865485665491
1227.0,-6.255688275831437
1228.0,-6.67780828630281
1229.0,-6.45140658676863
1230.0,-6.333129476415718
1231.0,-6.7047110357024
1232.0,-7.3375396008825495
1233.0,-6.466386147766158
1234.0,-7.831573167431126
1235.0,-7.970809289252976
1236.0,-7.009577861082175
1237.0,-7.341295344382774
1238.0,-7.6696212511802235
1239.0,-7.885446487124167
1240.0,-6.447755353832244
1241.0,-7.298989696306908
1242.0,-7.048917401530623
1243.0,-7.04182803947012
1244.0,-6.877585869903962
1245.0,-6.7015010283367396
1246.0,-6.474033020464276
1247.0,-6.7864691933719055
1248.0,-6.585139020334435
1249.0,-7.033340018273329
1250.0,-6.445998841179613
1251.0,-5.815146316329484
1252.0,-5.30268039336637
1253.0,-5.321988829638242
1254.0,-5.564412308467368
1255.0,-5.810961684380741
1256.0,-6.330612761845449
1257.0,-4.475254364803776
1258.0,-5.124574165718213
1259.0,-4.963757497585972
1260.0,-4.626718634317269
1261.0,-5.247373594415867
1262.0,-4.738677953824533
1263.0,-3.662431788744695
1264.0,-4.339366372138183
1265.0,-4.4265674148330145
1266.0,-5.337719537857821
1267.0,-3.6873825816696435
1268.0,-5.411460365138767
1269.0,-4.009345269741722
1270.0,-5.9366762949878975
1271.0,-4.483639511774559
1272.0,-4.528572592107301
1273.0,-5.778145177545511
1274.0,-5.3761214557068016
1275.0,-5.484563076020574
1276.0,-6.265095152272553
1277.0,-6.719784097818132
1278.0,-6.828052495512962
1279.0,-6.156261751677132
1280.0,-6.595797987908822
1281.0,-6.961072994427961
1282.0,-6.414736740235282
1283.0,-6.749521357859706
1284.0,-7.430782346778917
1285.0,-7.7307411008145435
1286.0,-7.046516739440433
1287.0,-7.588684364935633
1288.0,-7.357639511614988
1289.0,-6.7376272894179525
1290.0,-7.232293269697185
1291.0,-7.836105908970454
1292.0,-7.368416401864823
1293.0,-7.825769701133892
1294.0,-6.65495561584342
1295.0,-7.544235317480004
1296.0,-7.1347355893339035
1297.0,-7.006488517586072
1298.0,-6.97681772730077
1299.0,-7.788634146865543
1300.0,-7.457410595784406
1301.0,-6.9172961920026195
1302.0,-6.473164852834861
1303.0,-6.553763071763301
1304.0,-6.787791997623216
1305.0,-6.842075904609378
1306.0,-6.338907182397888
1307.0,-6.269669412503322
1308.0,-5.773096290061272
1309.0,-6.04327531046443
1310.0,-5.593581311470448
1311.0,-6.03040675772149
1312.0,-5.8495938758255885
1313.0,-5.858283091060859
1314.0,-6.0183256711407775
1315.0,-5.453086061805665
1316.0,-6.041371451427244
1317.0,-5.95194554851689
1318.0,-5.815729571810886
1319.0,-6.347970427973317
1320.0,-6.033206098023494
1321.0,-6.258184181025979
1322.0,-6.219058464939212
1323.0,-6.188042361599891
1324.0,-6.569175633405194
1325.0,-6.456802564123867
1326.0,-5.998187311473117
1327.0,-6.608202321736302
1328.0,-6.2926119609401505
1329.0,-6.699356042344269
1330.0,-6.656162862629971
1331.0,-7.31900271839742
1332.0,-7.10470434108878
1333.0,-7.18804827432591
1334.0,-7.53415086056533
1335.0,-7.680575826773387
1336.0,-7.972257565329258
1337.0,-7.005060488597476
1338.0,-7.883978746902313
1339.0,-7.135298018132056
1340.0,-7.756658019962219
1341.0,-7.888524007832304
1342.0,-7.394129420103146
1343.0,-7.778045448937057
1344.0,-7.35993877279692
1345.0,-7.601040692732935
1346.0,-7.289906641781171
1347.0,-7.673901673982993
1348.0,-7.0451804506701885
1349.0,-7.069739007050959
1350.0,-7.405045929816788
1351.0,-6.251026630481291
1352.0,-6.779778543195436
1353.0,-6.173473243363462
1354.0,-6.278918746304209
1355.0,-6.6931832248609275
1356.0,-6.65814279041363
1357.0,-6.560651708328044
1358.0,-6.862775174509789
1359.0,-6.46591808483819
1360.0,-6.134803874907954
1361.0,-5.728290614256987
1362.0,-6.278644087480831
1363.0,-5.798347063858941
1364.0,-6.311118543825477
1365.0,-6.111590703386124
1366.0,-6.062055589665988
1367.0,-5.851052055673721
1368.0,-5.838317165711588
1369.0,-5.735651821392314
1370.0,-5.81300871760641
1371.0,-5.97872370538553
1372.0,-5.993371059459839
1373.0,-5.775117304833728
1374.0,-6.322031584266372
1375.0,-6.102211395139162
1376.0,-6.754580722531909
1377.0,-6.342393698709686
1378.0,-6.620330817251601
1379.0,-6.598908681363643
1380.0,-6.462967868298956
1381.0,-6.7310873667400735
1382.0,-6.661750911200532
1383.0,-6.61856143382181
1384.0,-6.910491012552497
1385.0,-6.817739268214904
1386.0,-7.170375616645776
1387.0,-7.152934872206341
1388.0,-7.2875779336396995
1389.0,-7.0127409107263725
1390.0,-7.147028169234932
1391.0,-7.321458372856464
1392.0,-7.188162865438337
1393.0,-7.0043860149179284
1394.0,-7.1672481394481045
1395.0,-7.283711191158483
1396.0,-7.0336183793260885
1397.0,-7.335771006682928
1398.0,-6.778019604971463
1399.0,-6.896932957502907
1400.0,-6.8098769305057525
1401.0,-6.481260791147235
1402.0,-6.750430931173311
1403.0,-6.089410759380584
1404.0,-6.377981665020306
1405.0,-6.270628309514985
1406.0,-5.9071433979509695
1407.0,-5.847714951792826
1408.0,-5.463726797565428
1409.0,-5.7862130855308465
1410.0,-5.676770661799984
1411.0,-5.802365852690377
1412.0,-5.545186155813447
1413.0,-5.538173892445689
1414.0,-5.440133666512182
1415.0,-5.595128927667885
1416.0,-5.04391263668118
1417.0,-5.495837211583986
1418.0,-5.7017212390884495
1419.0,-5.466642286959236
1420.0,-5.401531145269026
1421.0,-5.519980782600715
1422.0,-5.230749203307338
1423.0,-5.476977408001588
1424.0,-5.5235268091713055
1425.0,-5.516240125694065
1426.0,-5.6534218843593
1427.0,-5.644539434239825
1428.0,-6.058300815488553
1429.0,-6.077333126411983
1430.0,-5.999328091873006
1431.0,-6.587461009243698
1432.0,-6.515087962992014
1433.0,-6.328683100226341
1434.0,-6.5706555351149305
1435.0,-4.642166308169251
1436.0,-4.736777488865945
1437.0,-5.111737997132876
1438.0,-4.916102529529467
1439.0,-4.8311480556569
1440.0,-5.021447544560367
1441.0,-5.210011602304083
1442.0,-4.910163667816552
1443.0,-4.927686795380789
1444.0,-4.905508365889073
1445.0,-4.824605948023723
1446.0,-5.366200706691216
1447.0,-4.647025622292091
1448.0,-4.396272446791162
1449.0,-4.51813373339306
1450.0,-4.44175705541125
1451.0,-4.228877054643915
1452.0,-4.156686863905971
1453.0,-3.963037047517816
1454.0,-3.9357767246286675
1455.0,-3.931194052156411
1456.0,-3.835269147566964
1457.0,-3.6996712503468174
1458.0,-3.640473238564912
1459.0,-3.4643539063995776
1460.0,-2.821685992090482
1461.0,-2.910856228440029
1462.0,-3.090302965015012
1463.0,-2.9769639331747206
1464.0,-2.8269349807591415
1465.0,-2.9467752364995334
1466.0,-2.78834293423485
1467.0,-2.649003713812782
1468.0,-2.841430533661136
1469.0,-2.809901032420296
1470.0,-2.758351921403896
1471.0,-3.0893984575571394
1472.0,-3.0721631120864235
1473.0,-3.3214759597470422
1474.0,-3.3944889307355393
1475.0,-3.6090004798535906
1476.0,-3.81522070195945
1477.0,-3.8223036403189763
1478.0,-3.903963699399627
1479.0,-4.178987840468014
1480.0,-4.272613791787089
1481.0,-4.746664922506669
1482.0,-5.034541274044629
1483.0,-4.800900258274777
1484.0,-4.886068112165115
1485.0,-5.187618724065911
1486.0,-4.981219012018064
1487.0,-5.201471127901992
1488.0,-4.8241924637966545
1489.0,-5.652618609273438
1490.0,-5.917109953004035
1491.0,-5.87679776393118
1492.0,-5.835124031962003
1493.0,-5.528299589031979
1494.0,-6.225860643579353
1495.0,-5.1804027741270655
1496.0,-5.539368826975269
1497.0,-5.438024724779543
1498.0,-5.561286358654372
1499.0,-5.1404632401115204
1500.0,-4.95162532659927
1501.0,-4.831031201925997
1502.0,-4.521000608740832
1503.0,-4.633454707258905
1504.0,-4.555730085002584
1505.0,-3.9291976611799977
1506.0,-3.902483883287573
1507.0,-3.7104335654978504
1508.0,-3.2811361119965325
1509.0,-3.8267153275746835
1510.0,-3.6575365107937277
1511.0,-2.8568937033092143
1512.0,-3.702100057441179
1513.0,-3.5962006851802895
1514.0,-2.843723508036085
1515.0,-3.0424514008040515
1516.0,-3.115686754769127
1517.0,-3.239515335121829
1518.0,-3.2779170038079153
1519.0,-3.4301070603807657
1520.0,-3.041000413560294
1521.0,-3.8319030260914912
1522.0,-3.9243506936793144
1523.0,-3.3992909539942953
1524.0,-4.2654595821369
1525.0,-3.6651783360887045
1526.0,-4.778067030328644
1527.0,-4.4606902749865
1528.0,-5.859681248006602
1529.0,-5.409906943943658
1530.0,-6.322471458342665
1531.0,-5.606780202499261
1532.0,-6.630134529122044
1533.0,-6.241346668339363
1534.0,-6.646745018896959
1535.0,-7.156423706551132
1536.0,-7.477893755128458
1537.0,-7.138376777939163
1538.0,-6.2990161636119515
1539.0,-7.173530187003661
1540.0,-6.690079764121396
1541.0,-7.073276158819385
1542.0,-6.63580565604442
1543.0,-7.682427819132412
1544.0,-6.978361017845546
1545.0,-6.270762965919603
1546.0,-6.575585613342623
1547.0,-6.3557363821374455
1548.0,-6.295008017236318
1549.0,-5.394694037821579
1550.0,-5.5216931901939175
1551.0,-5.384165907327082
1552.0,-4.873399168486132
1553.0,-4.6442415760594145
1554.0,-4.558624143212778
1555.0,-3.7344528298998525
1556.0,-4.2081737249584235
1557.0,-3.8465538991966346
1558.0,-4.05852980144328
1559.0,-3.53826172733304
1560.0,-2.756822953084379
1561.0,-3.6284218963231663
1562.0,-3.760709364117284
1563.0,-2.758692040199832
1564.0,-3.24745185747264
1565.0,-3.1500614180556776
1566.0,-3.258105008720153
1567.0,-3.2798336873150276
1568.0,-3.0423008856592646
1569.0,-3.9378575951850916
1570.0,-4.180058071850763
1571.0,-3.8756337616032503
1572.0,-4.845040696501654
1573.0,-4.965953740313853
1574.0,-3.746769824908016
1575.0,-4.49283380609685
1576.0,-5.089248251707626
1577.0,-4.778281325370111
1578.0,-6.04854285251801
1579.0,-5.95809999944416
1580.0,-5.75774242674059
1581.0,-5.841230824119833
1582.0,-6.191903994347598
1583.0,-7.715149501372902
1584.0,-7.135986578383639
1585.0,-6.584045623551278
1586.0,-7.016236713277739
1587.0,-5.751085923114646
1588.0,-6.458549713882622
1589.0,-6.573971570972091
1590.0,-7.230312386134795
1591.0,-6.62984360850452
1592.0,-6.3518059002142016
1593.0,-5.77375727821285
1594.0,-5.664558287302677
1595.0,-5.35380249506688
1596.0,-5.9390441682063395
1597.0,-4.63499050113184
1598.0,-5.542867323490748
1599.0,-4.862864455214464
1600.0,-4.127162763785145
1601.0,-4.056420376225541
1602.0,-4.105365785023764
1603.0,-3.7180528671721853
1604.0,-3.7305038376615545
1605.0,-2.575605025126631
1606.0,-2.0176223104547404
1607.0,-2.361004261290051
1608.0,-2.2875392784483357
1609.0,-2.5643988120715244
1610.0,-1.4487360697027571
1611.0,-0.824646783676525
1612.0,-2.404556437988576
1613.0,-2.084190542735743
1614.0,-1.9459677574813052
1615.0,-1.954109112339577
1616.0,-1.7292643066077953
1617.0,-1.3064194348005782
1618.0,-1.7049134322425465
1619.0,-2.0798118952231963
1620.0,-2.7758987846000966
1621.0,-3.1560909474607763
1622.0,-3.2751806042776788
1623.0,-2.638430649430414
1624.0,-3.514705991903277
1625.0,-3.9250297465318
1626.0,-4.089028525075043
1627.0,-3.9713327013740924
1628.0,-5.000401030068479
1629.0,-4.2302208874171034
1630.0,-4.893564256616069
1631.0,-5.207704680036195
1632.0,-5.124914875864801
1633.0,-5.3262592889935325
1634.0,-5.611090576100359
1635.0,-5.630998120617623
1636.0,-5.858278667114374
1637.0,-5.316424020956599
1638.0,-5.662685298100086
1639.0,-5.710653111207134
1640.0,-5.209645813740919
1641.0,-4.669826094009544
1642.0,-4.933356909728305
1643.0,-4.898573998750039
1644.0,-4.336237922118832
1645.0,-3.596756648672745
1646.0,-4.390303006827369
1647.0,-3.536387452081848
1648.0,-3.304458232001081
1649.0,-2.727083216280959
1650.0,-2.4979613232778233
1651.0,-2.5755840396746463
1652.0,-2.753348976636654
1653.0,-1.7804976816472666
1654.0,-2.033202973732309
1655.0,-1.8662424867565863
1656.0,-1.1070470770217806
1657.0,-1.5479189899831782
1658.0,-0.8075492369454054
1659.0,-1.0364096309259958
1660.0,-1.0131829320899985
1661.0,-1.0258753406404963
1662.0,-1.583697575031735
1663.0,-1.6967657257685493
1664.0,-1.2975196831236402
1665.0,-1.3593121528125471
1666.0,-1.6639858983710623
1667.0,-2.0973295239424714
1668.0,-2.122760104254888
1669.0,-2.401474479738932
1670.0,-2.881214153385679
1671.0,-2.6961226603952255
1672.0,-3.6300880499872847
1673.0,-3.384712998823249
1674.0,-3.725461895604258
1675.0,-3.8723640501159373
1676.0,-4.599170683107998
1677.0,-4.614944055164048
1678.0,-4.409065742971116
1679.0,-4.959090744662091
1680.0,-5.275266438191419
1681.0,-5.351225694090889
1682.0,-5.583495060976522
1683.0,-5.2588054196756255
1684.0,-5.580077615957447
1685.0,-5.834323825693893
1686.0,-5.77222084272185
1687.0,-5.8698832210086005
1688.0,-5.500000947907392
1689.0,-5.910654905820314
1690.0,-5.826185135585426
1691.0,-5.107143056626205
1692.0,-4.814934856061418
1693.0,-4.94027709087362
1694.0,-4.803535185871254
1695.0,-4.493011135618228
1696.0,-4.503830928148057
1697.0,-4.135017616251244
1698.0,-3.9346103638241643
1699.0,-3.6150437124428274
1700.0,-3.7778159562061653
1701.0,-3.4011958283422414
1702.0,-2.993804594119979
1703.0,-3.0857153739271164
1704.0,-2.998317514576385
1705.0,-2.3886601711728153
1706.0,-2.6286638782168774
1707.0,-2.669776998653674
1708.0,-2.818353889958243
1709.0,-2.4351224712401116
1710.0,-2.472994069624078
1711.0,-2.692011173413815
1712.0,-2.907941736097314
1713.0,-2.8590571777109215
1714.0,-3.1283170618243523
1715.0,-3.3117187898552913
1716.0,-3.371413670140874
1717.0,-3.7215675022957533
1718.0,-3.7446316350500304
1719.0,-3.921382366585548
1720.0,-4.378471100130156
1721.0,-4.699860624428792
1722.0,-4.501090990865793
1723.0,-5.114798489870041
1724.0,-5.30295471684878
1725.0,-5.391238662622215
1726.0,-5.538192063290873
1727.0,-5.854196356089335
1728.0,-4.98676191981936
1729.0,-5.261579272462073
1730.0,-5.468563245641385
1731.0,-5.201439458920888
1732.0,-5.107784414534916
1733.0,-5.267401229933808
1734.0,-5.5161171101613915
1735.0,-5.241474109012469
1736.0,-5.425463802525665
1737.0,-5.485886855610817
1738.0,-5.246902086369432
1739.0,-5.219026342553488
1740.0,-5.2234059556587775
1741.0,-5.057540760122892
1742.0,-4.618877887588448
1743.0,-4.862391475798247
1744.0,-4.278375206637544
1745.0,-4.4458336851335
1746.0,-4.330210081186071
1747.0,-4.088354363594661
1748.0,-3.2608649631499476
1749.0,-3.4349401162154893
1750.0,-3.2091561034947964
1751.0,-2.814506730267383
1752.0,-2.745260915164246
1753.0,-3.0166760660103233
1754.0,-2.503979259497881
1755.0,-2.5294925898536795
1756.0,-2.550149223099422
1757.0,-2.432195114271435
1758.0,-2.1712274969794794
1759.0,-2.5655474035586083
1760.0,-2.339994559887373
1761.0,-2.4540119873352344
1762.0,-2.8556270776656025
1763.0,-2.741393364568494
1764.0,-2.639858190987213
1765.0,-2.52735515708835
1766.0,-2.705572037863846
1767.0,-2.9180158565261447
1768.0,-3.349215878670179
1769.0,-2.949762087130445
1770.0,-3.4303642782959844
1771.0,-3.8412330802320924
1772.0,-3.8123693448167506
1773.0,-3.7181653910967203
1774.0,-4.048298424096097
1775.0,-3.9757918183157455
1776.0,-4.037568208222357
1777.0,-4.02665054133777
1778.0,-4.403686006546135
1779.0,-4.239494558589869
1780.0,-4.310779410788471
1781.0,-3.9033340304560045
1782.0,-4.763535397667415
1783.0,-4.391936896533921
1784.0,-4.478891195378986
1785.0,-4.202682084813195
1786.0,-4.850459762676479
1787.0,-3.855534700602113
1788.0,-4.045819462333678
1789.0,-4.429751229095275
1790.0,-3.9140782458862144
1791.0,-3.518152033194376
1792.0,-3.9793018035879593
1793.0,-3.392075039848585
1794.0,-3.5371427793310177
1795.0,-3.2424013263961124
1796.0,-2.921128749634968
1797.0,-2.7221329683762834
1798.0,-2.7645845139435044
1799.0,-2.4024887561967536
1800.0,-2.103395876568567
1801.0,-2.308561985307847
1802.0,-1.672233285594829
1803.0,-1.5577629079745625
1804.0,-2.0576519849378343
1805.0,-2.0533393375943776
1806.0,-2.3263793916857645
1807.0,-1.7963850042706495
1808.0,-1.8496737681329707
1809.0,-1.4678761556817057
1810.0,-2.231107187847032
1811.0,-1.84662620730521
1812.0,-1.4642870631271925
1813.0,-2.090130870928575
1814.0,-2.166039277011506
1815.0,-2.4790100208040045
1816.0,-1.1453769601066854
1817.0,-2.4148968099675616
1818.0,-2.710330932772613
1819.0,-2.637505381398579
1820.0,-2.732919543304604
1821.0,-2.6559518996128366
1822.0,-2.3588089579814238
1823.0,-2.8725113622569394
1824.0,-3.2022498942649493
1825.0,-3.4934660715528256
1826.0,-3.0240791807752814
1827.0,-3.0905964086498043
1828.0,-2.5850345157361243
1829.0,-3.189563674801866
1830.0,-3.3058668289593656
1831.0,-3.7079408753914125
1832.0,-3.4351775937769506
1833.0,-3.492970694940504
1834.0,-3.458643763252464
1835.0,-3.6745645593282212
1836.0,-3.040697774293738
1837.0,-3.2704634513551687
1838.0,-3.2387488556731148
1839.0,-3.793183308167677
1840.0,-2.8138325425744743
1841.0,-2.733157175303767
1842.0,-3.194375175100525
1843.0,-2.338161185930284
1844.0,-3.226296592800898
1845.0,-2.5629983833185497
1846.0,-2.567781393287164
1847.0,-2.912716657305398
1848.0,-2.1742784966069677
1849.0,-1.431877640140725
1850.0,-2.0429371660718454
1851.0,-2.189022852113598
1852.0,-1.7204751900166242
1853.0,-1.8014190665773153
1854.0,-1.7780985084626892
1855.0,-1.929345785819077
1856.0,-1.0842858714182455
1857.0,-1.4825362394049626
1858.0,-1.9033667234177716
1859.0,-1.7173929131794696
1860.0,-2.0087805652064104
1861.0,-1.9734936970933545
1862.0,-2.022602110448849
1863.0,-2.28788386527372
1864.0,-1.4912146070625694
1865.0,-2.03238164523198
1866.0,-1.7273428686497625
1867.0,-2.355591130716093
1868.0,-2.1689270694865774
1869.0,-2.552381874751347
1870.0,-2.005069002795016
1871.0,-2.5373999499908617
1872.0,-2.8528053195947845
1873.0,-3.3606640874813047
1874.0,-2.594293796192773
1875.0,-3.1302332684294227
1876.0,-2.907307652489764
1877.0,-3.2045764798584973
1878.0,-2.630692182722382
1879.0,-2.8838958143174938
1880.0,-2.9876079315777675
1881.0,-3.515566056968988
1882.0,-3.070407700894762
1883.0,-2.5412540789138376
1884.0,-3.700479817509146
1885.0,-3.258955010199326
1886.0,-4.0681187292053504
1887.0,-2.69527600139139
1888.0,-3.4696965699057634
1889.0,-2.910203816150154
1890.0,-3.9750066892715736
1891.0,-2.364245321733014
1892.0,-3.25328062129943
1893.0,-2.7871317017281765
1894.0,-2.885807684456458
1895.0,-2.983838470345532
1896.0,-2.0545183742013013
1897.0,-3.4196981652575342
1898.0,-2.4886482085393142
1899.0,-2.1399035752388733
1900.0,-2.462578634216964
1901.0,-2.4208024988556596
1902.0,-2.3563568629331275
1903.0,-2.7485665398231705
1904.0,-2.1495139293701886
1905.0,-1.8968087024272102
1906.0,-2.040703625978442
1907.0,-2.1501156010318496
1908.0,-2.2179272827394385
1909.0,-2.1195056617017727
1910.0,-1.4880910723414607
1911.0,-2.873645352659518
1912.0,-2.0293707035990334
1913.0,-2.2168107691916523
1914.0,-1.5481663216087576
1915.0,-2.1739172479291895
1916.0,-1.677641145059373
1917.0,-3.191399894519646
1918.0,-2.2619672729844953
1919.0,-2.432641949332974
1920.0,-2.108340702003384
1921.0,-3.3923537052362063
1922.0,-2.93399789861237
1923.0,-2.966986598610709
1924.0,-3.297610893626765
1925.0,-2.771486947483253
1926.0,-3.4686415514099576
1927.0,-2.701483643928126
1928.0,-3.1718351761425803
1929.0,-3.3103182568874634
1930.0,-3.543673760669871
1931.0,-4.205891512549559
1932.0,-4.046336148462866
1933.0,-3.747516958381399
1934.0,-3.7556379593971068
1935.0,-3.568870205081975
1936.0,-4.197135628110646
1937.0,-4.329820575752166
1938.0,-3.733052782047897
1939.0,-4.264626055272177
1940.0,-3.6616932164808484
1941.0,-3.5004714559766716
1942.0,-3.6760627117991906
1943.0,-3.857588573741295
1944.0,-3.6366235126744466
1945.0,-3.3599984959317215
1946.0,-3.4336218759317205
1947.0,-2.6395073191695326
1948.0,-3.5011642475912548
1949.0,-3.3766743952891343
1950.0,-3.2395880777625807
1951.0,-2.9960537636500324
1952.0,-3.338170205422199
1953.0,-2.762818721787235
1954.0,-2.6556985233975396
1955.0,-2.3418067567524954
1956.0,-2.152691947396736
1957.0,-2.5324868062039503
1958.0,-1.8702778990046838
1959.0,-1.5719124304145562
1960.0,-2.0770475555019527
1961.0,-1.577571696949378
1962.0,-1.9349109897058399
1963.0,-1.4786579667983046
1964.0,-1.7328857768739807
1965.0,-2.4573932016582405
1966.0,-2.113174944344921
1967.0,-1.9291419640382146
1968.0,-2.26968076538654
1969.0,-2.386099671281955
1970.0,-2.185490575459581
1971.0,-2.778465940424228
1972.0,-2.736962966537449
1973.0,-2.8029911274751536
1974.0,-3.0943750933881744
1975.0,-3.1656810766180907
1976.0,-3.1314073533994597
1977.0,-3.3486018477758277
1978.0,-3.7542376465706893
1979.0,-3.9433914161893164
1980.0,-3.992372267050607
1981.0,-3.9319990364948816
1982.0,-4.058914449781663
1983.0,-4.274169564009051
1984.0,-4.286351243924158
1985.0,-4.512106878099946
1986.0,-4.149927249327029
1987.0,-4.243622211991359
1988.0,-4.461324082723967
1989.0,-4.174394396852966
1990.0,-3.8670770148990883
1991.0,-4.177750195875834
1992.0,-3.6967330575986344
1993.0,-3.8786330201772152
1994.0,-3.6463690889368183
1995.0,-3.510736056391753
1996.0,-3.111946290196236
1997.0,-3.1511109516561815
1998.0,-3.185615637756578
1999.0,-3.013749762658894
